{
  "content": [
    {
      "searchQuoteId": 3784369,
      "etaDayOfWeek": "2020-02-07",
      "transitTime": 10,
      "etdDayOfWeek": "2020-01-28",
      "cyClosingDayOfWeek": "2020-01-27",
      "routingVia": null,
      "price": 497394,
      "cyClosingTime": [
        0,
        0
      ],
      "contractExpiryDate": "2020-12-31",
      "priceBreakUpMap": {
        "customsClearanceExport": {
          "Customs Clearance Import": "USD 150"
        },
        "origin": {
          "Seal Provision Fee": "JPY 1000",
          "eVGM": "USD 14.25",
          "Handling / Documentation Fee Export": "JPY 2000",
          "Trucking Fees": "USD 497000",
          "IT Trans/Carrier Interface (Exp)": "JPY 600",
          "B/L Fee Export": "JPY 6000"
        },
        "seaFreight": {
          "Seafreight": "USD 30",
          "BUC - Bunker Charge": "USD 40"
        },
        "customsClearanceImport": {
          "Customs Clearance Import": "USD 150"
        }
      },
      "subTotalMap": {
        "JPY": 9600,
        "USD": 497384.25
      },
      "saved": false
    },
    {
      "searchQuoteId": 3784347,
      "etaDayOfWeek": "2020-02-07",
      "transitTime": 10,
      "etdDayOfWeek": "2020-01-28",
      "cyClosingDayOfWeek": "2020-01-27",
      "routingVia": null,
      "price": 497434,
      "cyClosingTime": [
        0,
        0
      ],
      "contractExpiryDate": "2020-12-31",
      "priceBreakUpMap": {
        "customsClearanceExport": {
          "Customs Clearance Import": "USD 150"
        },
        "origin": {
          "Seal Provision Fee": "JPY 1250",
          "eVGM": "USD 14.25",
          "Handling / Documentation Fee Export": "JPY 2000",
          "Trucking Fees": "USD 497000",
          "B/L Fee Export": "JPY 6000",
          "IT Trans/Carrier Interface (Exp)": "JPY 600"
        },
        "seaFreight": {
          "Seafreight": "USD 110"
        },
        "customsClearanceImport": {
          "Customs Clearance Import": "USD 150"
        }
      },
      "subTotalMap": {
        "JPY": 9850,
        "USD": 497424.25
      },
      "saved": false
    },
    {
      "searchQuoteId": 3784545,
      "etaDayOfWeek": "2020-02-16",
      "transitTime": 18,
      "etdDayOfWeek": "2020-01-29",
      "cyClosingDayOfWeek": "2020-01-27",
      "routingVia": null,
      "price": 497497,
      "cyClosingTime": [
        0,
        0
      ],
      "contractExpiryDate": "2020-12-31",
      "priceBreakUpMap": {
        "customsClearanceExport": {
          "Customs Clearance Import": "USD 150"
        },
        "origin": {
          "THC Origin": "JPY 33000",
          "Seal Provision Fee": "JPY 1000",
          "eVGM": "USD 14.25",
          "Handling / Documentation Fee Export": "JPY 2000",
          "Trucking Fees": "USD 497000",
          "IT Trans/Carrier Interface (Exp)": "JPY 600",
          "B/L Fee Export": "JPY 6000"
        },
        "seaFreight": {
          "Seafreight": "USD 140"
        },
        "customsClearanceImport": {
          "Customs Clearance Import": "USD 150"
        }
      },
      "subTotalMap": {
        "JPY": 42600,
        "USD": 497454.25
      },
      "saved": false
    },
    {
      "searchQuoteId": 3784457,
      "etaDayOfWeek": "2020-02-16",
      "transitTime": 18,
      "etdDayOfWeek": "2020-01-29",
      "cyClosingDayOfWeek": "2020-01-27",
      "routingVia": null,
      "price": 497567,
      "cyClosingTime": [
        0,
        0
      ],
      "contractExpiryDate": "2020-12-31",
      "priceBreakUpMap": {
        "customsClearanceExport": {
          "Customs Clearance Import": "USD 150"
        },
        "origin": {
          "THC Origin": "JPY 33000",
          "Seal Provision Fee": "JPY 1000",
          "eVGM": "USD 14.25",
          "Handling / Documentation Fee Export": "JPY 2000",
          "Trucking Fees": "USD 497000",
          "IT Trans/Carrier Interface (Exp)": "JPY 600",
          "B/L Fee Export": "JPY 6000"
        },
        "seaFreight": {
          "Seafreight": "USD 210"
        },
        "customsClearanceImport": {
          "Customs Clearance Import": "USD 150"
        }
      },
      "subTotalMap": {
        "JPY": 42600,
        "USD": 497524.25
      },
      "saved": false
    },
    {
      "searchQuoteId": 3784391,
      "etaDayOfWeek": "2020-02-08",
      "transitTime": 8,
      "etdDayOfWeek": "2020-01-31",
      "cyClosingDayOfWeek": "2020-01-30",
      "routingVia": null,
      "price": 497394,
      "cyClosingTime": [
        0,
        0
      ],
      "contractExpiryDate": "2020-12-31",
      "priceBreakUpMap": {
        "customsClearanceExport": {
          "Customs Clearance Import": "USD 150"
        },
        "origin": {
          "Seal Provision Fee": "JPY 1000",
          "eVGM": "USD 14.25",
          "Handling / Documentation Fee Export": "JPY 2000",
          "Trucking Fees": "USD 497000",
          "IT Trans/Carrier Interface (Exp)": "JPY 600",
          "B/L Fee Export": "JPY 6000"
        },
        "seaFreight": {
          "Seafreight": "USD 30",
          "BUC - Bunker Charge": "USD 40"
        },
        "customsClearanceImport": {
          "Customs Clearance Import": "USD 150"
        }
      },
      "subTotalMap": {
        "JPY": 9600,
        "USD": 497384.25
      },
      "saved": false
    },
    {
      "searchQuoteId": 3784567,
      "etaDayOfWeek": "2020-02-08",
      "transitTime": 8,
      "etdDayOfWeek": "2020-01-31",
      "cyClosingDayOfWeek": "2020-01-30",
      "routingVia": null,
      "price": 497427,
      "cyClosingTime": [
        0,
        0
      ],
      "contractExpiryDate": "2020-12-31",
      "priceBreakUpMap": {
        "customsClearanceExport": {
          "Customs Clearance Import": "USD 150"
        },
        "origin": {
          "THC Origin": "JPY 33000",
          "Seal Provision Fee": "JPY 1000",
          "eVGM": "USD 14.25",
          "Handling / Documentation Fee Export": "JPY 2000",
          "Trucking Fees": "USD 497000",
          "IT Trans/Carrier Interface (Exp)": "JPY 600",
          "B/L Fee Export": "JPY 6000"
        },
        "seaFreight": {
          "Seafreight": "USD 70"
        },
        "customsClearanceImport": {
          "Customs Clearance Import": "USD 150"
        }
      },
      "subTotalMap": {
        "JPY": 42600,
        "USD": 497384.25
      },
      "saved": false
    },
    {
      "searchQuoteId": 3784435,
      "etaDayOfWeek": "2020-02-11",
      "transitTime": 10,
      "etdDayOfWeek": "2020-02-01",
      "cyClosingDayOfWeek": "2020-01-30",
      "routingVia": null,
      "price": 497567,
      "cyClosingTime": [
        0,
        0
      ],
      "contractExpiryDate": "2020-12-31",
      "priceBreakUpMap": {
        "customsClearanceExport": {
          "Customs Clearance Import": "USD 150"
        },
        "origin": {
          "THC Origin": "JPY 33000",
          "Seal Provision Fee": "JPY 1000",
          "eVGM": "USD 14.25",
          "Handling / Documentation Fee Export": "JPY 2000",
          "Trucking Fees": "USD 497000",
          "IT Trans/Carrier Interface (Exp)": "JPY 600",
          "B/L Fee Export": "JPY 6000"
        },
        "seaFreight": {
          "Seafreight": "USD 210"
        },
        "customsClearanceImport": {
          "Customs Clearance Import": "USD 150"
        }
      },
      "subTotalMap": {
        "JPY": 42600,
        "USD": 497524.25
      },
      "saved": false
    },
    {
      "searchQuoteId": 3784479,
      "etaDayOfWeek": "2020-02-15",
      "transitTime": 12,
      "etdDayOfWeek": "2020-02-03",
      "cyClosingDayOfWeek": "2020-01-31",
      "routingVia": null,
      "price": 497354,
      "cyClosingTime": [
        0,
        0
      ],
      "contractExpiryDate": "2020-12-31",
      "priceBreakUpMap": {
        "customsClearanceExport": {
          "Customs Clearance Import": "USD 150"
        },
        "origin": {
          "Seal Provision Fee": "JPY 1000",
          "eVGM": "USD 14.25",
          "Handling / Documentation Fee Export": "JPY 2000",
          "Trucking Fees": "USD 497000",
          "IT Trans/Carrier Interface (Exp)": "JPY 600",
          "B/L Fee Export": "JPY 6000"
        },
        "seaFreight": {
          "Seafreight": "USD 30"
        },
        "customsClearanceImport": {
          "Customs Clearance Import": "USD 150"
        }
      },
      "subTotalMap": {
        "JPY": 9600,
        "USD": 497344.25
      },
      "saved": false
    },
    {
      "searchQuoteId": 3784413,
      "etaDayOfWeek": "2020-02-15",
      "transitTime": 11,
      "etdDayOfWeek": "2020-02-04",
      "cyClosingDayOfWeek": "2020-01-31",
      "routingVia": null,
      "price": 497427,
      "cyClosingTime": [
        0,
        0
      ],
      "contractExpiryDate": "2020-12-31",
      "priceBreakUpMap": {
        "customsClearanceExport": {
          "Customs Clearance Import": "USD 150"
        },
        "origin": {
          "THC Origin": "JPY 33000",
          "Seal Provision Fee": "JPY 1000",
          "eVGM": "USD 14.25",
          "Handling / Documentation Fee Export": "JPY 2000",
          "Trucking Fees": "USD 497000",
          "IT Trans/Carrier Interface (Exp)": "JPY 600",
          "B/L Fee Export": "JPY 6000"
        },
        "seaFreight": {
          "Seafreight": "USD 30",
          "BUC - Bunker Charge": "USD 40"
        },
        "customsClearanceImport": {
          "Customs Clearance Import": "USD 150"
        }
      },
      "subTotalMap": {
        "JPY": 42600,
        "USD": 497384.25
      },
      "saved": false
    },
    {
      "searchQuoteId": 3784589,
      "etaDayOfWeek": "2020-02-10",
      "transitTime": 6,
      "etdDayOfWeek": "2020-02-04",
      "cyClosingDayOfWeek": "2020-01-31",
      "routingVia": null,
      "price": 497427,
      "cyClosingTime": [
        0,
        0
      ],
      "contractExpiryDate": "2020-12-31",
      "priceBreakUpMap": {
        "customsClearanceExport": {
          "Customs Clearance Import": "USD 150"
        },
        "origin": {
          "THC Origin": "JPY 33000",
          "Seal Provision Fee": "JPY 1000",
          "eVGM": "USD 14.25",
          "Handling / Documentation Fee Export": "JPY 2000",
          "Trucking Fees": "USD 497000",
          "IT Trans/Carrier Interface (Exp)": "JPY 600",
          "B/L Fee Export": "JPY 6000"
        },
        "seaFreight": {
          "Seafreight": "USD 70"
        },
        "customsClearanceImport": {
          "Customs Clearance Import": "USD 150"
        }
      },
      "subTotalMap": {
        "JPY": 42600,
        "USD": 497384.25
      },
      "saved": false
    },
    {
      "searchQuoteId": 3784501,
      "etaDayOfWeek": "2020-02-16",
      "transitTime": 12,
      "etdDayOfWeek": "2020-02-04",
      "cyClosingDayOfWeek": "2020-01-31",
      "routingVia": null,
      "price": 497497,
      "cyClosingTime": [
        0,
        0
      ],
      "contractExpiryDate": "2020-12-31",
      "priceBreakUpMap": {
        "customsClearanceExport": {
          "Customs Clearance Import": "USD 150"
        },
        "origin": {
          "THC Origin": "JPY 33000",
          "Seal Provision Fee": "JPY 1000",
          "eVGM": "USD 14.25",
          "Handling / Documentation Fee Export": "JPY 2000",
          "Trucking Fees": "USD 497000",
          "IT Trans/Carrier Interface (Exp)": "JPY 600",
          "B/L Fee Export": "JPY 6000"
        },
        "seaFreight": {
          "Seafreight": "USD 140"
        },
        "customsClearanceImport": {
          "Customs Clearance Import": "USD 150"
        }
      },
      "subTotalMap": {
        "JPY": 42600,
        "USD": 497454.25
      },
      "saved": false
    },
    {
      "searchQuoteId": 3784523,
      "etaDayOfWeek": "2020-02-12",
      "transitTime": 10,
      "etdDayOfWeek": "2020-02-02",
      "cyClosingDayOfWeek": "2020-01-31",
      "routingVia": null,
      "price": 497497,
      "cyClosingTime": [
        0,
        0
      ],
      "contractExpiryDate": "2020-12-31",
      "priceBreakUpMap": {
        "customsClearanceExport": {
          "Customs Clearance Import": "USD 150"
        },
        "origin": {
          "THC Origin": "JPY 33000",
          "Seal Provision Fee": "JPY 1000",
          "eVGM": "USD 14.25",
          "Handling / Documentation Fee Export": "JPY 2000",
          "Trucking Fees": "USD 497000",
          "IT Trans/Carrier Interface (Exp)": "JPY 600",
          "B/L Fee Export": "JPY 6000"
        },
        "seaFreight": {
          "Seafreight": "USD 140"
        },
        "customsClearanceImport": {
          "Customs Clearance Import": "USD 150"
        }
      },
      "subTotalMap": {
        "JPY": 42600,
        "USD": 497454.25
      },
      "saved": false
    },
    {
      "searchQuoteId": 3784369,
      "etaDayOfWeek": "2020-02-14",
      "transitTime": 10,
      "etdDayOfWeek": "2020-02-04",
      "cyClosingDayOfWeek": "2020-02-03",
      "routingVia": null,
      "price": 497394,
      "cyClosingTime": [
        0,
        0
      ],
      "contractExpiryDate": "2020-12-31",
      "priceBreakUpMap": {
        "customsClearanceExport": {
          "Customs Clearance Import": "USD 150"
        },
        "origin": {
          "Seal Provision Fee": "JPY 1000",
          "eVGM": "USD 14.25",
          "Handling / Documentation Fee Export": "JPY 2000",
          "Trucking Fees": "USD 497000",
          "IT Trans/Carrier Interface (Exp)": "JPY 600",
          "B/L Fee Export": "JPY 6000"
        },
        "seaFreight": {
          "Seafreight": "USD 30",
          "BUC - Bunker Charge": "USD 40"
        },
        "customsClearanceImport": {
          "Customs Clearance Import": "USD 150"
        }
      },
      "subTotalMap": {
        "JPY": 9600,
        "USD": 497384.25
      },
      "saved": false
    },
    {
      "searchQuoteId": 3784347,
      "etaDayOfWeek": "2020-02-14",
      "transitTime": 10,
      "etdDayOfWeek": "2020-02-04",
      "cyClosingDayOfWeek": "2020-02-03",
      "routingVia": null,
      "price": 497434,
      "cyClosingTime": [
        0,
        0
      ],
      "contractExpiryDate": "2020-12-31",
      "priceBreakUpMap": {
        "customsClearanceExport": {
          "Customs Clearance Import": "USD 150"
        },
        "origin": {
          "Seal Provision Fee": "JPY 1250",
          "eVGM": "USD 14.25",
          "Handling / Documentation Fee Export": "JPY 2000",
          "Trucking Fees": "USD 497000",
          "B/L Fee Export": "JPY 6000",
          "IT Trans/Carrier Interface (Exp)": "JPY 600"
        },
        "seaFreight": {
          "Seafreight": "USD 110"
        },
        "customsClearanceImport": {
          "Customs Clearance Import": "USD 150"
        }
      },
      "subTotalMap": {
        "JPY": 9850,
        "USD": 497424.25
      },
      "saved": false
    },
    {
      "searchQuoteId": 3784545,
      "etaDayOfWeek": "2020-02-23",
      "transitTime": 18,
      "etdDayOfWeek": "2020-02-05",
      "cyClosingDayOfWeek": "2020-02-03",
      "routingVia": null,
      "price": 497497,
      "cyClosingTime": [
        0,
        0
      ],
      "contractExpiryDate": "2020-12-31",
      "priceBreakUpMap": {
        "customsClearanceExport": {
          "Customs Clearance Import": "USD 150"
        },
        "origin": {
          "THC Origin": "JPY 33000",
          "Seal Provision Fee": "JPY 1000",
          "eVGM": "USD 14.25",
          "Handling / Documentation Fee Export": "JPY 2000",
          "Trucking Fees": "USD 497000",
          "IT Trans/Carrier Interface (Exp)": "JPY 600",
          "B/L Fee Export": "JPY 6000"
        },
        "seaFreight": {
          "Seafreight": "USD 140"
        },
        "customsClearanceImport": {
          "Customs Clearance Import": "USD 150"
        }
      },
      "subTotalMap": {
        "JPY": 42600,
        "USD": 497454.25
      },
      "saved": false
    },
    {
      "searchQuoteId": 3784457,
      "etaDayOfWeek": "2020-02-23",
      "transitTime": 18,
      "etdDayOfWeek": "2020-02-05",
      "cyClosingDayOfWeek": "2020-02-03",
      "routingVia": null,
      "price": 497567,
      "cyClosingTime": [
        0,
        0
      ],
      "contractExpiryDate": "2020-12-31",
      "priceBreakUpMap": {
        "customsClearanceExport": {
          "Customs Clearance Import": "USD 150"
        },
        "origin": {
          "THC Origin": "JPY 33000",
          "Seal Provision Fee": "JPY 1000",
          "eVGM": "USD 14.25",
          "Handling / Documentation Fee Export": "JPY 2000",
          "Trucking Fees": "USD 497000",
          "IT Trans/Carrier Interface (Exp)": "JPY 600",
          "B/L Fee Export": "JPY 6000"
        },
        "seaFreight": {
          "Seafreight": "USD 210"
        },
        "customsClearanceImport": {
          "Customs Clearance Import": "USD 150"
        }
      },
      "subTotalMap": {
        "JPY": 42600,
        "USD": 497524.25
      },
      "saved": false
    },
    {
      "searchQuoteId": 3784391,
      "etaDayOfWeek": "2020-02-15",
      "transitTime": 8,
      "etdDayOfWeek": "2020-02-07",
      "cyClosingDayOfWeek": "2020-02-06",
      "routingVia": null,
      "price": 497394,
      "cyClosingTime": [
        0,
        0
      ],
      "contractExpiryDate": "2020-12-31",
      "priceBreakUpMap": {
        "customsClearanceExport": {
          "Customs Clearance Import": "USD 150"
        },
        "origin": {
          "Seal Provision Fee": "JPY 1000",
          "eVGM": "USD 14.25",
          "Handling / Documentation Fee Export": "JPY 2000",
          "Trucking Fees": "USD 497000",
          "IT Trans/Carrier Interface (Exp)": "JPY 600",
          "B/L Fee Export": "JPY 6000"
        },
        "seaFreight": {
          "Seafreight": "USD 30",
          "BUC - Bunker Charge": "USD 40"
        },
        "customsClearanceImport": {
          "Customs Clearance Import": "USD 150"
        }
      },
      "subTotalMap": {
        "JPY": 9600,
        "USD": 497384.25
      },
      "saved": false
    },
    {
      "searchQuoteId": 3784567,
      "etaDayOfWeek": "2020-02-15",
      "transitTime": 8,
      "etdDayOfWeek": "2020-02-07",
      "cyClosingDayOfWeek": "2020-02-06",
      "routingVia": null,
      "price": 497427,
      "cyClosingTime": [
        0,
        0
      ],
      "contractExpiryDate": "2020-12-31",
      "priceBreakUpMap": {
        "customsClearanceExport": {
          "Customs Clearance Import": "USD 150"
        },
        "origin": {
          "THC Origin": "JPY 33000",
          "Seal Provision Fee": "JPY 1000",
          "eVGM": "USD 14.25",
          "Handling / Documentation Fee Export": "JPY 2000",
          "Trucking Fees": "USD 497000",
          "IT Trans/Carrier Interface (Exp)": "JPY 600",
          "B/L Fee Export": "JPY 6000"
        },
        "seaFreight": {
          "Seafreight": "USD 70"
        },
        "customsClearanceImport": {
          "Customs Clearance Import": "USD 150"
        }
      },
      "subTotalMap": {
        "JPY": 42600,
        "USD": 497384.25
      },
      "saved": false
    },
    {
      "searchQuoteId": 3784435,
      "etaDayOfWeek": "2020-02-18",
      "transitTime": 10,
      "etdDayOfWeek": "2020-02-08",
      "cyClosingDayOfWeek": "2020-02-06",
      "routingVia": null,
      "price": 497567,
      "cyClosingTime": [
        0,
        0
      ],
      "contractExpiryDate": "2020-12-31",
      "priceBreakUpMap": {
        "customsClearanceExport": {
          "Customs Clearance Import": "USD 150"
        },
        "origin": {
          "THC Origin": "JPY 33000",
          "Seal Provision Fee": "JPY 1000",
          "eVGM": "USD 14.25",
          "Handling / Documentation Fee Export": "JPY 2000",
          "Trucking Fees": "USD 497000",
          "IT Trans/Carrier Interface (Exp)": "JPY 600",
          "B/L Fee Export": "JPY 6000"
        },
        "seaFreight": {
          "Seafreight": "USD 210"
        },
        "customsClearanceImport": {
          "Customs Clearance Import": "USD 150"
        }
      },
      "subTotalMap": {
        "JPY": 42600,
        "USD": 497524.25
      },
      "saved": false
    },
    {
      "searchQuoteId": 3784479,
      "etaDayOfWeek": "2020-02-22",
      "transitTime": 12,
      "etdDayOfWeek": "2020-02-10",
      "cyClosingDayOfWeek": "2020-02-07",
      "routingVia": null,
      "price": 497354,
      "cyClosingTime": [
        0,
        0
      ],
      "contractExpiryDate": "2020-12-31",
      "priceBreakUpMap": {
        "customsClearanceExport": {
          "Customs Clearance Import": "USD 150"
        },
        "origin": {
          "Seal Provision Fee": "JPY 1000",
          "eVGM": "USD 14.25",
          "Handling / Documentation Fee Export": "JPY 2000",
          "Trucking Fees": "USD 497000",
          "IT Trans/Carrier Interface (Exp)": "JPY 600",
          "B/L Fee Export": "JPY 6000"
        },
        "seaFreight": {
          "Seafreight": "USD 30"
        },
        "customsClearanceImport": {
          "Customs Clearance Import": "USD 150"
        }
      },
      "subTotalMap": {
        "JPY": 9600,
        "USD": 497344.25
      },
      "saved": false
    },
    {
      "searchQuoteId": 3784413,
      "etaDayOfWeek": "2020-02-22",
      "transitTime": 11,
      "etdDayOfWeek": "2020-02-11",
      "cyClosingDayOfWeek": "2020-02-07",
      "routingVia": null,
      "price": 497427,
      "cyClosingTime": [
        0,
        0
      ],
      "contractExpiryDate": "2020-12-31",
      "priceBreakUpMap": {
        "customsClearanceExport": {
          "Customs Clearance Import": "USD 150"
        },
        "origin": {
          "THC Origin": "JPY 33000",
          "Seal Provision Fee": "JPY 1000",
          "eVGM": "USD 14.25",
          "Handling / Documentation Fee Export": "JPY 2000",
          "Trucking Fees": "USD 497000",
          "IT Trans/Carrier Interface (Exp)": "JPY 600",
          "B/L Fee Export": "JPY 6000"
        },
        "seaFreight": {
          "Seafreight": "USD 30",
          "BUC - Bunker Charge": "USD 40"
        },
        "customsClearanceImport": {
          "Customs Clearance Import": "USD 150"
        }
      },
      "subTotalMap": {
        "JPY": 42600,
        "USD": 497384.25
      },
      "saved": false
    },
    {
      "searchQuoteId": 3784589,
      "etaDayOfWeek": "2020-02-17",
      "transitTime": 6,
      "etdDayOfWeek": "2020-02-11",
      "cyClosingDayOfWeek": "2020-02-07",
      "routingVia": null,
      "price": 497427,
      "cyClosingTime": [
        0,
        0
      ],
      "contractExpiryDate": "2020-12-31",
      "priceBreakUpMap": {
        "customsClearanceExport": {
          "Customs Clearance Import": "USD 150"
        },
        "origin": {
          "THC Origin": "JPY 33000",
          "Seal Provision Fee": "JPY 1000",
          "eVGM": "USD 14.25",
          "Handling / Documentation Fee Export": "JPY 2000",
          "Trucking Fees": "USD 497000",
          "IT Trans/Carrier Interface (Exp)": "JPY 600",
          "B/L Fee Export": "JPY 6000"
        },
        "seaFreight": {
          "Seafreight": "USD 70"
        },
        "customsClearanceImport": {
          "Customs Clearance Import": "USD 150"
        }
      },
      "subTotalMap": {
        "JPY": 42600,
        "USD": 497384.25
      },
      "saved": false
    },
    {
      "searchQuoteId": 3784501,
      "etaDayOfWeek": "2020-02-23",
      "transitTime": 12,
      "etdDayOfWeek": "2020-02-11",
      "cyClosingDayOfWeek": "2020-02-07",
      "routingVia": null,
      "price": 497497,
      "cyClosingTime": [
        0,
        0
      ],
      "contractExpiryDate": "2020-12-31",
      "priceBreakUpMap": {
        "customsClearanceExport": {
          "Customs Clearance Import": "USD 150"
        },
        "origin": {
          "THC Origin": "JPY 33000",
          "Seal Provision Fee": "JPY 1000",
          "eVGM": "USD 14.25",
          "Handling / Documentation Fee Export": "JPY 2000",
          "Trucking Fees": "USD 497000",
          "IT Trans/Carrier Interface (Exp)": "JPY 600",
          "B/L Fee Export": "JPY 6000"
        },
        "seaFreight": {
          "Seafreight": "USD 140"
        },
        "customsClearanceImport": {
          "Customs Clearance Import": "USD 150"
        }
      },
      "subTotalMap": {
        "JPY": 42600,
        "USD": 497454.25
      },
      "saved": false
    },
    {
      "searchQuoteId": 3784523,
      "etaDayOfWeek": "2020-02-19",
      "transitTime": 10,
      "etdDayOfWeek": "2020-02-09",
      "cyClosingDayOfWeek": "2020-02-07",
      "routingVia": null,
      "price": 497497,
      "cyClosingTime": [
        0,
        0
      ],
      "contractExpiryDate": "2020-12-31",
      "priceBreakUpMap": {
        "customsClearanceExport": {
          "Customs Clearance Import": "USD 150"
        },
        "origin": {
          "THC Origin": "JPY 33000",
          "Seal Provision Fee": "JPY 1000",
          "eVGM": "USD 14.25",
          "Handling / Documentation Fee Export": "JPY 2000",
          "Trucking Fees": "USD 497000",
          "IT Trans/Carrier Interface (Exp)": "JPY 600",
          "B/L Fee Export": "JPY 6000"
        },
        "seaFreight": {
          "Seafreight": "USD 140"
        },
        "customsClearanceImport": {
          "Customs Clearance Import": "USD 150"
        }
      },
      "subTotalMap": {
        "JPY": 42600,
        "USD": 497454.25
      },
      "saved": false
    },
    {
      "searchQuoteId": 3784369,
      "etaDayOfWeek": "2020-02-21",
      "transitTime": 10,
      "etdDayOfWeek": "2020-02-11",
      "cyClosingDayOfWeek": "2020-02-10",
      "routingVia": null,
      "price": 497394,
      "cyClosingTime": [
        0,
        0
      ],
      "contractExpiryDate": "2020-12-31",
      "priceBreakUpMap": {
        "customsClearanceExport": {
          "Customs Clearance Import": "USD 150"
        },
        "origin": {
          "Seal Provision Fee": "JPY 1000",
          "eVGM": "USD 14.25",
          "Handling / Documentation Fee Export": "JPY 2000",
          "Trucking Fees": "USD 497000",
          "IT Trans/Carrier Interface (Exp)": "JPY 600",
          "B/L Fee Export": "JPY 6000"
        },
        "seaFreight": {
          "Seafreight": "USD 30",
          "BUC - Bunker Charge": "USD 40"
        },
        "customsClearanceImport": {
          "Customs Clearance Import": "USD 150"
        }
      },
      "subTotalMap": {
        "JPY": 9600,
        "USD": 497384.25
      },
      "saved": false
    }
  ],
  "pageable": {
    "pageNumber": 0,
    "pageSize": 25
  },
  "totalElements": 25
}